KPI DASHBOARD — THEO DÕI HÀNG THÁNG,,,,,,,
,,,,,,,
Chỉ số,T1,T2,T3,T4,T5,T6,Ghi chú
Member lũy kế,2.000,8.000,18.000,30.000,42.000,50.000,Mục tiêu chính
Member mới/tháng,2.000,6.000,10.000,12.000,12.000,8.000,
% new post trong 7 ngày,>15%,>15%,>18%,>18%,>20%,>20%,Sức khoẻ
Thread reply rate,>30%,>30%,>35%,>35%,>40%,>40%,>=1 reply
% content từ member,20%,30%,40%,50%,55%,60%,Không phải BQT
Khám video AI/tháng,1,2,4,4,4,4,Ritual mồi
Lead cho sale,-,50,100,150,180,200+,Bàn giao sale
CPR (đ/member paid),-,-,<5.000,<5.000,<6.000,<7.000,Nếu paid
