USER JOURNEY THEO TOUCHPOINT — 5 GIAI ĐOẠN AARRR,,,,,
,,,,,
Giai đoạn (AARRR),Trạng thái member,Touchpoint,Nội dung/Hành động cụ thể,Cảm xúc mong muốn,Chỉ số đo
"ACQUISITION
(Thu hút)",Chưa biết group,Fanpage/KOL/Event/Ads,Thấy bài kiến thức chất → tò mò → bấm join,'Chỗ này có vẻ xịn',"CTR join, nguồn traffic"
"ACTIVATION
(Kích hoạt)","Vừa join, chưa post",Bot welcome + bài Start Here + Pro Kit,"Nhận tài liệu, đọc rules, được mời giới thiệu","'Được chào đón, có giá trị ngay'",% post trong 7 ngày (>15%)
"RETENTION
(Giữ chân)",Đã post ít nhất 1 lần,Ritual hàng tuần + Khám video AI,"Tham gia đều, được góp ý, thấy tiến bộ",'Ở đây mình học được thật',"DAU/MAU >20%, reply rate"
"REFERRAL
(Giới thiệu)",Member active,Contest + spotlight + share,"Khoe sản phẩm, rủ đồng nghiệp, share bài",'Tự hào là thành viên',"Viral coefficient, share"
"REVENUE
(Doanh thu)",Lead nóng,Inbox sale + demo + trial,"Hỏi về gói, dùng thử, chốt mua Coco",'Đáng đầu tư cho công việc',"Lead→sale rate, ARPU"
