QUẢN TRỊ RỦI RO & XỬ LÝ KHỦNG HOẢNG,,,
,,,
Rủi ro,Dấu hiệu sớm,Phòng ngừa,Xử lý khi xảy ra
Group loãng/spam,"Bài bán hàng tăng, comment rác","Bật duyệt bài, rule rõ, Chợ Phiên 1 buổi/tuần","Gỡ bài, cảnh cáo 3 lần ban, ghim lại rule"
Tương tác chết,"Reply rate <20%, cùng vài người","Ritual đều, seed comment, hỏi mở","Tăng seed, mở contest, đổi khung giờ"
Drama/tranh cãi,"Comment công kích, chia phe",Rule cấm công kích cá nhân,"Admin vào hạ nhiệt, xóa nếu quá, nhắc rule riêng"
KOL không convert,"Share ít tương tác, không kéo member","Chọn KOL đúng tệp, brief kỹ","Đổi KOL, đo lại, chuyển ngân sách"
Khủng hoảng thương hiệu,Member phốt Coco/sản phẩm công khai,"Local support tốt, phản hồi nhanh","Xử lý riêng inbox trước, công khai giải pháp sau, không xóa vội"
Vi phạm bản quyền trong group,Member đăng nội dung ăn cắp/mặt người lậu,Rule rõ + duyệt,"Gỡ ngay, nhắc rule công khai, ban nếu tái phạm"
FB phạt/hạn chế reach,Reach tụt đột ngột,"Không spam link, nội dung sạch","Giảm link ngoài, tăng native, kháng nghị"
