CƠ CẤU NHÂN SỰ CÓ KPI ĐỊNH LƯỢNG ,,,
,,,
Role,KPI định lượng cụ thể,Lương gợi ý,Hoa hồng
Community Manager,Lên chiến lược; 15 bài/tháng đạt >500 tương tác & 20k reach; chịu KPI tổng,3-8tr,Từ doanh thu booking/sale
Mod 1-2 (mỗi người),25 bài/tháng đạt >300 tương tác & 20k reach; gồm 3 bài framework >1k tương tác/300 share,5-8tr,Từ hoạt động
Content Creator,Viết bài chuyên sâu + visual; hỗ trợ mod đạt KPI,4-6tr,-
Thought Leader (chuyên gia),X bài/tháng đạt tương tác/reach cam kết tại group,500k-3tr,Spotlight + affiliate
Seeder team (3-5 nick),10-20 comment giá trị/ngày; share đa nền tảng,2-3tr/gói,-
Designer,"KV, cover, 5 template, visual theo bài",3-5tr freelance,-
Ads (nếu VER2/3),CPR<5k; tối ưu creative hàng tuần,6-10tr,% hiệu quả
