"BẢNG QUY ĐỔI CREDIT → VIDEO (từ data vé event, để tư vấn KH)",,,,
,,,,
Mốc credit,Số video ước tính,Suy ra ~credit/video,Nguồn,Ghi chú tư vấn
2.000 (vé Silver),~200 video Seedance,~10 credit/video,Data vé Silver event,"Video cơ bản, độ dài ngắn"
4.000 (gói Gold web),~400 video,~10 credit/video,Suy từ Silver,Gấp đôi Silver
10.500 (gói Diamond web),~950-1.050 video,~10 credit/video,Suy tuyến tính,Cho agency dùng nhiều
11.500 (vé Gold event),~1.150 video + face thật,~10 credit/video,Data vé Gold event,Có eKYC face + 4K
22.000 (gói Titan web),~2.200 video,~10 credit/video,Suy tuyến tính,Enterprise/dự án lớn
,,,,
"LƯU Ý: ~10 credit/video là mức CƠ BẢN (video ngắn, độ phân giải thường). Video dài hơn / 4K / face thật tốn nhiều credit hơn — cần bảng chi tiết từ Coco. Dùng con số này khi tư vấn để KH hình dung 'tiền ra bao nhiêu video'.",,,,
