TRACKER SẢN XUẤT 7 VIDEO HERO,,,,,,
,,,,,,
,,,,,,
STT,Video,Người phụ trách (vai trò),Tình trạng,Deadline,Link render/output,Ghi chú
1,Branded Video (TVC nước hoa),AI Creator — dựng prompt & render,Chưa làm,,,
2,Cinematic (Hang động),AI Creator — dựng prompt & render,Chưa làm,,,
3,Game Production (Chiến binh),AI Creator — dựng prompt & render,Chưa làm,,,
4,AIGC Tools (7 phong cách),AI Creator — dựng prompt & render,Chưa làm,,,
5,Trailer (Teaser phim),AI Creator + Editor — cắt nhịp,Chưa làm,,,
6,Real Human (Face eKYC),AI Creator + Pháp chế — duyệt eKYC,Chưa làm,,, Cần người mẫu consent + eKYC
7,Cartoon & Anime (Nóc nhà),AI Creator — dựng prompt & render,Chưa làm,,,
