VER 3 — EVENT-LED: LẤY SỰ KIỆN LÀM TRỤC KÉO CỘNG ĐỒNG & SALE,,
,,
Yếu tố,Cách làm VER3 (khác VER1 & VER2),Ghi chú
Triết lý,Mỗi tháng 1 'moment' sự kiện (online/offline) làm đỉnh sóng → mỗi sóng kéo member+lead+sale cùng lúc.,Event = động cơ tăng trưởng
Mục tiêu,30-40k member CHẤT + doanh thu sale sớm (event bán được ngay),Cân bằng member & tiền
Ngân sách,"60-90 triệu (event + booking, ít ads hơn VER2)",Trung bình
Trục chính,Event 31/07 → chuỗi workshop/talkshow/contest hàng tháng,Nhịp sự kiện đều
Lợi thế,Event tạo uy tín + FOMO + lead chất; tận dụng speaker sẵn có,Khác biệt lớn nhất
Rủi ro,"Tổ chức event tốn sức, phụ thuộc speaker/địa điểm",Cần team event mạnh
Khi nào chọn VER3,Peacom mạnh về tổ chức event + muốn bán gói Coco sớm qua event,KB tận dụng thế mạnh event
