PARTNERSHIP DECK — TÀI LIỆU ĐI DEAL CHUYÊN GIA/KOL,,
,,
Mục,Nội dung trình bày với KOL,Ghi chú
1. Chúng tôi là ai,"Coco Studio - Peacom, đối tác chính thức BytePlus tại VN. Nền tảng Seedance chuyên nghiệp. Đang xây cộng đồng AI Video lớn nhất VN.",Tạo uy tín
2. Cộng đồng gì,"AI Video Creators Vietnam - tệp production/agency/brand/freelancer PRO. Mục tiêu 50k, chuẩn cao.",Quy mô hấp dẫn
3. Vì sao mời bạn,[Cá nhân hóa]: chuyên môn/tệp follower/uy tín của bạn phù hợp vai trò [X].,"Chân thành, cụ thể"
4. Bạn được gì (3 bậc),"BẬC 1: Credit Coco + spotlight thương hiệu cá nhân.
BẬC 2: Đồng sản xuất video demo (2 bên cùng dùng).
BẬC 3: Affiliate/chia sẻ doanh thu khi giới thiệu khách DN.",Deal linh hoạt
5. Bạn làm gì,Tùy vai trò: review 'Khám video AI' / speaker workshop / giám khảo contest / share bài.,Rõ cam kết
6. Cam kết đôi bên,"Coco: hỗ trợ credit, PR, kết nối khách. KOL: nội dung/thời gian theo thỏa thuận.",Win-win
7. Bước tiếp theo,Call 15' → ký thỏa thuận nhẹ → khởi động số đầu tiên.,CTA rõ
