NGÂN SÁCH 6 THÁNG — VER3 EVENT-LED,,,
,,,
Hạng mục,Chi phí (triệu),% tổng,Ghi chú
Event offline (3 buổi),35,44%,"Địa điểm, PG, teabreak, thiết bị"
Event online (3 buổi),6,8%,"Tool, thiết kế, quà"
Booking KOL/speaker,18,23%,Speaker + KOL share
Ads đẩy đăng ký event,12,15%,"Ít hơn VER2, chỉ đẩy event"
Contest/giải,5,6%,Gala + giải
Design/misc,3,4%,"Poster, standee, tool"
TỔNG,79,100%,Chưa gồm lương
,,,
"VER3 giữ nguyên: bảng giá combo, persona, 5 video landing, rules group từ VER1. KHÁC ở: trục chuỗi event, playbook event, lộ trình theo sóng, sale qua event, team event, ngân sách nghiêng event.",,,
