AUDIT PLAN — GROUP 5 MEMBER KHÔNG PHẢI GROUP 552K (hội đồng MKT),,,
,,,
"SỰ THẬT CỐT LÕI: cộng đồng mẫu ở giai đoạn SCALE (quy mô lớn, tương tác đang GIẢM=bão hòa). Group Coco ở giai đoạn ZERO (5 member). Không copy nguyên khung — phải ĐẢO ưu tiên.",,,
,,,
Khung cộng đồng mẫu,Áp cho Coco?,Vì sao,Làm gì thay thế (giai đoạn 0-1)
Concept/ẩn dụ/tone,✅ ÁP NGAY,"Tạo bản sắc từ ngày 1, không tốn nguồn lực","Chốt 'Xưởng Phim AI', dùng nhất quán"
Checklist SEO group,✅ ÁP NGAY,Cần sẵn sàng để đón member,Tối ưu tên/mô tả/duyệt bài trước khi kéo
6 kênh tăng member,⚠️ ÁP 1 PHẦN,K2 'FB đề xuất' cần khối lượng lớn → chưa có,Chỉ kích K1(share)+K3(KOL)+event trước
Concept doanh thu,✅ BIẾT ĐÍCH,Biết hướng monetize nhưng chưa vội,"Ghi nhận, chưa bán cho tới khi có member"
7 bài/ngày để FB đề xuất,❌ CHƯA ÁP,"5 người → đăng 7 bài/ngày = hét phòng trống, kiệt sức",2-3 bài CHẤT/ngày + phủ comment mọi bài
KPI 10 chỉ số reach/tương tác,❌ CHƯA ÁP,"Chưa có gì để đo, đo sớm gây nản",30 ngày đầu đo 3 số: member mới / % đăng bài / số câu hỏi thật
Master Framework booking KOL dày,❌ CHƯA ÁP,Chưa đủ sức hút để KOL nhận quy mô,DM tay + 1-2 KOL thân trước
Mục tiêu 2.000 member/tháng 1,❌ HẠ XUỐNG,Ảo với group mới; cộng đồng mẫu mất nhiều tháng mới lớn,Thực tế 300-800 member CHẤT/30 ngày đầu
,,,
,,,
KẾ HOẠCH 30 NGÀY ĐẦU (0→1) — THỨ TỰ ĐÚNG THEO HỘI ĐỒNG,,,
,,,
Thứ tự,Việc,Nguyên tắc (cố vấn),Mục tiêu tuần
1 (Tuần 1),Dựng OFFER trước: 'Khám video AI số 0 miễn phí' + Pro Kit làm mồi,Offer phải gánh toàn bộ khi chưa có quán tính XH (Hormozi),Offer + 10 bài seed sẵn
2 (Tuần 1-2),DANH SÁCH trước content: DM tay 50 người đúng tệp,Đi kiếm 'đám đông đói' trước khi nấu ăn (Halbert),+50-100 member founding
3 (Tuần 2),"SEED không trống: BQT+seeder phủ comment, welcome từng người tên",Phục vụ 30 người đầu tới mức remarkable (Godin),Mọi bài có >=5 cmt
4 (Tuần 2-3),"EVENT 31/07 làm cú bơm reach: QR, mồi vé/tài liệu",Mua reach 1 lần để vượt ngưỡng tối thiểu (Sharp),+300-500 member
5 (Tuần 3-4),Khám video AI số 1 thật: chuyên gia soi bài,Biến người vào thành người ĐĂNG BÀI,% đăng bài >15%
6 (Tuần 4),Đo 3 số + quyết định: giữ nhiệt hay đổ thêm traffic,Đừng đổ người vào xô thủng (Sharp tripwire),Chốt hướng tháng 2
,,,
"TRIPWIRE quan trọng: sau event nếu member vào rồi IM (không đăng) → NGƯNG đổ traffic, sửa offer/retention trước. Đổ người vào xô thủng = đốt tiền. Đây là lỗi phổ biến nhất của group mới.",,,
