VER 2 — PAID-GROWTH: ĐỔ TIỀN ÉP ĐỦ 50.000 MEMBER / 6 THÁNG,,
,,
Yếu tố,Cách làm VER2 (khác VER1),Ghi chú
Triết lý,Growth-first: mua tăng trưởng bằng ads + contest lớn + booking dày. Cộng đồng chất lượng hóa SAU.,Ngược VER1 (organic trước)
Mục tiêu,"50.000 CAM KẾT đạt, có đệm rủi ro",Cần ngân sách thật
Ngân sách 6th,120-180 triệu (chủ yếu ads),Điều kiện tiên quyết
Kênh chính,FB/IG Ads (Group Join + Lead) + TikTok Ads + booking KOL dày,Đa kênh paid
Nội dung,"Sản xuất công nghiệp: video ads, creative test A/B liên tục",Volume + tối ưu
Rủi ro lớn nhất,"Member kém chất lượng, vào rồi im → phải có retention engine mạnh",Canh DAU/MAU
Khi nào chọn VER2,Sếp DUYỆT ngân sách ads + cần đạt 50k đúng hạn để báo cáo/đối tác,KB tăng trưởng nóng
