6 KÊNH TĂNG TRƯỞNG MEMBER — PHÂN TÍCH HÀNH VI ,,,
,,,
Kênh,Điều kiện cần để có kênh này,Hoạt động Coco cần làm,Tác động
"MEMBER BỊ ĐỘNG (đúng tệp, chưa đi tìm group)",,,
K1: FB cá nhân của member share,Có quà/lợi ích khi member share; nội dung đủ hay để họ muốn khoe,5% bài có CTA share; minigame 2th/lần; tài liệu tặng,Cao
K2: FB đề xuất do group chất,"Nội dung tương tác cao, đăng đều >7 bài/ngày, member mới post nhiều",Tối ưu SEO group >90% tiêu chí; đăng đều; seed tương tác,Cao
K3: KOL/kênh khác giới thiệu,Nội dung hay tới mức bị copy ghi nguồn; group thật sự giá trị,Sản xuất nội dung độc quyền; deal KOL nhắc group,Cao
K4: Chạy quảng cáo,Có bài xịn trong group để boost; có page riêng CTA về group,Tạo nội dung chạy ads; page cộng đồng; ngân sách,TB-Cao (VER2)
K5: Nền tảng khác nhắc tới,Mod seeding đa nền tảng; nội dung đủ big để KOL ngách mang đi,Seeding TikTok/Thread/LinkedIn; toplist,TB
K6: FB đề xuất khi member tương tác,"Nội dung hữu ích, tương tác sôi nổi → bạn bè họ thấy",Nội dung kích cmt/share có giá trị,Cao
"MEMBER CHỦ ĐỘNG (đúng tệp, đang tìm group AI Video)",,,
K7: FB đề xuất group liên quan,Tối ưu SEO group; vào group AI khác được đề xuất Coco,SEO tên+mô tả+từ khóa group,Cao
K8: Gõ tìm kiếm trực tiếp,"Group real hiện đầu ô tìm kiếm; nội dung giá trị, đều, tương tác cao",Tối ưu SEO; gỡ gậy vi phạm; tên dễ tìm,Cao
