ĐỀ XUẤT GÓI COCO STUDIO — theo giá chính hãng,,,,
,,,,
Gói,Giá (VNĐ),Credit,~Video,Bao gồm / Tệp khách
Starter (đề xuất mới),399.000,800,80,"• 4K + AI Prompt Assistant
• Full Seedance 2.0 (mini/fast/260128)
• Hóa đơn VAT
• Gói mồi: kéo creator/agency mới vào phễu, upsell lên Silver"
Silver,990.000,2.000,200,"• 4K + AI Prompt Assistant
• Hóa đơn VAT
• Hợp: Freelancer"
Gold,1.900.000,4.000,450,"• 4K + AI Prompt Assistant
• Hóa đơn VAT
• Hợp: Freelancer / Studio nhỏ"
Diamond,4.990.000,10.500,1.150,"• 4K + AI Prompt Assistant
• Hóa đơn VAT
• Hợp: Agency / Production"
Titan (Real Face),9.990.000,22.000,2.300,"• Unlock Real Face (eKYC)
• 4K + Hóa đơn VAT
• Hợp: Brand / Enterprise"
