PHỄU CHUYỂN ĐỔI: FANPAGE / EVENT PAGE → GROUP → GÓI COCO,,
Tầng phễu,Điểm chạm / Kênh,Việc cần làm + CTA
① Phễu Lạnh — Nhận biết,Fanpage (organic + ads),"Bài showcase video hero + bài teaser event chạy ads tới người lạ.
CTA: ""Vào Group AI Video Creators Vietnam nhận mã giảm vé COCO15 + 500 credit""."
② Kéo về Group,Link riêng của Group ( tạo link để đo lượng chuyển đổi về cộng đồng),Mọi bài Fanpage đều trỏ về CÙNG 1 link group có gắn link đo lường để đo nguồn. Không dẫn thẳng ra trang bán vé.
③ Phễu Ấm — Vào Group & nhận ưu đãi,Bài ghim Group (Welcome + cách nhận mã) · Pro Kit,Member vào group → đọc bài ghim → nhận Pro Kit ( Video hướng dẫn tạo video AI TVC  + mã COCO15 + hướng dẫn lấy 500 credit qua link mua vé riêng của group.)
④ Nuôi dưỡng,5 Hoạt động,Giữ member ở lại & tương tác bằng giá trị thực chiến. Chèn upsell gói Coco Studio tinh tế theo tone làm nghề (không spam bán).
⑤ Phễu Nóng — Chuyển đổi,Link mua vé riêng group · Bảng gói Coco · Combo upsell,Member mua vé qua link group (được 500 credit)
⑥ Sau event — Vòng lặp,Recap event trên cả 2 kênh · Spotlight member,Đưa hình/kết quả event lên Fanpage kéo thêm người lạ vào group → phễu chạy lại vòng mới với tệp nóng hơn.
,,
SƠ ĐỒ NHANH,,
Dòng chảy,Người lạ (ads/organic)  →  Fanpage & Page Event 31/07  →  [link group + UTM]  →  GROUP (bài ghim + Pro Kit)  →  Nuôi bằng hoạt động  →  Mua vé qua link group  →  Dự event  →   →  Recap ,
