"BÀI FANPAGE — NỘI DUNG ĐẦY ĐỦ, COPY-PASTE ĐĂNG NGAY",,,,
"Fanpage nói với người lạ: dễ hiểu, có ""wow"", luôn khép bằng cửa dẫn về Group. ★ = bài chạy ads/đón traffic event.",,,,
,,,,
#,Pillar,Tiêu đề,Nội dung đầy đủ,Ưu tiên
F1,Educate,"Vì sao 90% video AI trông ""giả""","Bạn từng thấy video AI mà nhân vật ""trôi mặt"", tay 6 ngón, đi như trượt băng? Không phải AI kém — phần lớn do brief sai từ đầu.

3 lỗi khiến video AI mất chất:
1️⃣ Nhồi quá nhiều vào 1 cảnh. Một cảnh nên là 1 chủ thể + 1 hành động + 1 hướng máy.
2️⃣ Không giữ nhất quán nhân vật giữa các cảnh (đổi mặt liên tục).
3️⃣ Quên ""ngôn ngữ máy quay"" — không tả cú máy thì hình bị phẳng, thiếu chất điện ảnh.

Coco Studio dùng Native Seedance giữ nhân vật nhất quán rất tốt cho TVC & phim thương hiệu.

👉 Muốn học cách sửa từng lỗi (kèm prompt thật)? Vào Group ""AI Video Creators Vietnam"" — bọn mình mổ bài mỗi tuần: [link group]",★
F2,Showcase,"TVC dựng trong vài giờ, không phải vài tuần","Chai nước hoa nở ra giữa bóng tối, ánh vàng quét dọc thân chai, giọt nước bắn slow-motion... 🎬

Đây là 1 TVC 8s dựng hoàn toàn bằng AI trên Coco Studio — thứ mà cách cũ cần cả ê-kíp quay vài ngày.

Điều làm nên khác biệt không chỉ là ""đẹp"", mà là DÙNG ĐƯỢC cho khách doanh nghiệp:
✅ Chất 4K
✅ Hóa đơn VAT
✅ Bản quyền rõ ràng, thanh toán VNĐ

Xưởng phim AI cho người làm nghề Việt là có thật.

👉 Xem thêm 7 thế mạnh & bảng giá: [link] — hoặc vào Group nhận bộ prompt TVC: [link group]",★
F3,Uy tín chính hãng,eKYC — thứ khiến khách doanh nghiệp gật đầu,"Một cái khó ít ai nói: dùng khuôn mặt người trong quảng cáo mà không có consent + eKYC là rủi ro pháp lý thật sự cho brand.

Coco Studio là nền tảng chính hãng (Peacom – phân phối BytePlus tại VN) có:
• Real Face + eKYC đúng quy trình
• Hóa đơn VAT để kế toán khách nghiệm thu
• Thanh toán VNĐ, không tool lậu / fake IP

Đây là lý do agency & brand chọn nền tảng chính hãng thay vì công cụ trôi nổi.

👉 Tìm hiểu gói cho Brand/Enterprise: [link] · Thảo luận nghề trong Group: [link group]",
F4,Sự kiện,Còn 3 ngày! Sự kiện AI Video thương mại đầu tiên tại VN,"🎬 Còn 3 ngày đến sự kiện AI Video chuẩn sản xuất thương mại đầu tiên tại Việt Nam — 31/07, Sofitel Saigon Plaza.

Đạo diễn – nhà sản xuất phim thật, showcase thật, cách đưa AI Video lên sóng TVC đúng luật (VAT, bản quyền, eKYC).

Ưu đãi riêng: vào Group ""AI Video Creators Vietnam"" để nhận:
🎟️ Mã giảm vé 15% (COCO15)
🎁 500 credit dùng thử khi mua vé qua link group
🧰 Bộ AI Video Pro Kit

👉 Vào group nhận mã ngay (số lượng có hạn): [link group]",★
F5,Câu chuyện thương hiệu,Coco Studio — xưởng phim AI cho người Việt,"Bọn mình không tin câu ""AI thay thế con người"". Bọn mình tin AI là cái xưởng phim mà người làm nghề Việt xứng đáng có: nhanh hơn, rẻ hơn, nhưng vẫn chuyên nghiệp và hợp pháp.

Coco Studio (Peacom – phân phối chính hãng BytePlus tại VN) sinh ra để làm đúng điều đó: Native Seedance, Real Face eKYC, hóa đơn VAT, thanh toán VNĐ.

Sứ mệnh đơn giản: giúp anh em làm nghề nâng nhau lên.

👉 Cùng xây cộng đồng làm nghề tử tế trong Group ""AI Video Creators Vietnam"": [link group]",
