"BÀI GROUP — NỘI DUNG ĐẦY ĐỦ, COPY-PASTE ĐĂNG NGAY",,,,
,,,,
,,,,
#,Pillar,Tiêu đề,Nội dung đầy đủ,Ưu tiên
G1,Ritual,Welcome + Rules,"Chào mừng bạn đến với AI Video Creators Vietnam 👋

Đây không phải nơi khoe ""AI sắp thay thế loài người"". Đây là chỗ của những người THẬT SỰ dùng AI để ra sản phẩm — marketer, editor, production house, agency, freelancer, chủ brand.

Tiêu chuẩn của group: chất lượng trước, số lượng sau. Bạn sẽ thấy:
🎬 ""Khám video AI"" — chuyên gia review video bạn làm
📂 Template, prompt, source dùng được ngay
🧠 Case thật: làm TVC, video game, content brand bằng AI

NỘI QUY:
✅ Chia sẻ quá trình + prompt thật, hỏi cụ thể, góp ý có dẫn chứng
❌ Không spam link bán, không tài khoản lậu/crack, không vi phạm bản quyền

Bắt đầu: comment bạn đang làm gì với AI Video + 1 thứ muốn giỏi hơn trong 3 tháng tới.",📌 GHIM
G2,Ritual,Đố vui: AI hay quay thật?,"Nhìn nhanh 4 clip dưới đây 👇 Đâu là AI, đâu là quay thật?

Comment đáp án theo thứ tự (VD: 1-AI, 2-Thật...). Ai đúng hết tụi mình tặng bộ 20 prompt Seedance TVC-ready.

Gợi ý: để ý ánh sáng phản chiếu trong mắt và chuyển động của tóc — đó là chỗ AI hay lộ nhất.",
G3,Ritual,Khám video AI — Số 0,"Ra mắt chuyên mục 🎬 KHÁM VIDEO AI.

Cách chơi: bạn gửi 1 video AI mình làm → chuyên gia (đạo diễn/VFX/creator) sẽ xem trực tiếp, chỉ ra 3 điểm được và 3 điểm cần sửa. Học nhanh nhất là được người giỏi soi bài của chính mình.

Số đầu tiên tuần sau. Nộp bài qua form [link] kèm: video + prompt bạn dùng + bạn muốn được góp ý ở đâu.

Không sợ bị chê — sợ nhất là làm mãi không ai chỉ chỗ sai.",
G4,Ritual,Chợ Phiên #1 (có duyệt),"Thứ 6 hàng tuần = CHỢ PHIÊN — chỗ DUY NHẤT trong group được đăng bán dịch vụ / tuyển người / tìm job.

Đăng theo mẫu:
[LOẠI: Bán dịch vụ / Tuyển / Tìm job]
[Bạn làm gì]
[Kèm 1 sản phẩm mẫu]
[Liên hệ]

Các ngày khác đăng bán sẽ bị gỡ. Giữ group sạch để ai cũng muốn ở lại.",
G5,Xu hướng,Trend Radar tuần này,"3 xu hướng video AI đang hot tuần này 👇
1. [Trend A] — ứng dụng vào... (kèm prompt mẫu)
2. [Trend B] — ...
3. [Trend C] — ...

Lưu bài lại, thử 1 prompt và khoe kết quả bên dưới. Tuần sau tụi mình cập nhật tiếp.

(Cập nhật thực tế mỗi tuần theo trend nóng nhất)",
G6,Thực chiến,Tặng bộ AI Video Pro Kit,"📂 Tặng cả nhà bộ AI VIDEO PRO KIT:
• 20 prompt Seedance làm TVC
• Checklist brief video thương mại
• Bảng giữ nhất quán nhân vật xuyên cảnh

Đây cũng là bộ tụi mình dùng để mổ bài trong ""Khám video AI"". Tải ở bài ghim 👆

Ai muốn tụi mình soi video của bạn — comment bên dưới.",★
G7,Chuyển đổi,Còn 3 ngày! Nhận mã giảm vé trong group,"🎬 Còn 3 ngày đến sự kiện AI Video thương mại đầu tiên tại VN (31/07, Sofitel Saigon Plaza).

Đặc quyền riêng cho member group mình:
🎟️ Mã giảm vé 15% (COCO15)
🎁 500 credit khi mua vé qua link riêng của group [link]
🧰 Pro Kit tải ở bài ghim

Ai định đi comment ""GO"" để tụi mình note giữ suất + hướng dẫn nhận credit nhé.",★
G8,Thương mại,Case thật: làm TVC bằng AI ra sao,"Chia sẻ 1 case thật: từ brief của khách → 3 hướng hình → chốt 1 → ra file cuối, mất bao lâu và vướng gì.

[Kể quy trình từng bước, kèm ảnh từng giai đoạn]

Điều bất ngờ nhất: khâu tốn thời gian nhất không phải render, mà là brief cho đúng ý khách.

Bạn từng làm job AI Video cho khách chưa? Kể chỗ khó nhất bên dưới.",
